23	23	100.0%	95.7%	100.0%	100.0%	100.0%	100.0%	100.0%	4.3%	95.7%	95.7%	95.7%	100.0%	100.0%	78.3%	0.0%	0.0%	95.7%	0.0%	0.0%	4.3%	0.0%	0.0%	0.0%	0.0%	0.0%
Field Name	Error Code	English	Japanese	French	German	Dutch	Spanish(NTSC)	Spanish(EU)	Finnish	Italian	Korean	Russian	Turkish	Czech	Portuguese	Arabic	Chinese (Simplified)	Chinese (Traditional)	Norwegian	Hindi						
WWFCMsgUnknownLoginError	22000	An unknown error has occurred + while logging in to SDK Pack Online. + + Error Code: %[1]d	SDK Pack Onlineへの ログイン中に + 不明なエラー が発生しました + + エラーコード： %[1]d	Une erreur inconnue s'est produite + pendant la connexion à SDK Pack Online. + + Code Erreur:  %[1]d	Ein unbekannter Fehler ist beim + Verbinden mit SDK Pack Online aufgetreten. + + Fehlercode: %[1]d	Er is een onbekende fout opgetreden + tijdens het verbinden met SDK Pack Online. + + Foutcode: %[1]d	Un error desconocido ha ocurrido + al conectarse a SDK Pack Online. + + Código de error: %[1]d	Un error desconocido ha ocurrido + al conectarse a SDK Pack Online. + + Código de error: %[1]d	Tapahtui Tuntematon virhe + kirjautuessa sisään SDK Pack Online:hen. + + Virhekoodi: %[1]d	È stato riscontrato un errore sconosciuto + durante l'accesso alla SDK Pack Online. + + Codice Errore: %[1]d	SDK Pack Online에 연결 도중 + 알 수 없는 오류가 발생했습니다. + + 에러 코드: %[1]d	Во время входа в SDK Pack Online + произошла ошибка. + + Код ошибки: %[1]d	Retro Rewind'a giriş yaparken + bilinmeyen bir hata oluştu. + + Hata Kodu: %[1]d	Při přihlašování k SDK Pack Online + došlo k neznámé chybě. + + Kód Chyby: %[1]d	Ocorreu um erro desconhecido + ao conectar-se com o SDK Pack Online. + + Código de Erro: %[1]d			載入SDK Pack Online 時發生錯誤 + + 錯誤代碼：%[1]d			a					
WWFCMsgDolphinSetupRequired	22001	You are using a leaked NAND which is already banned. + Please revert your NAND to the Dolphin Default. + Ticket on discord.gg/retrorewind for help. + + Error Code: %[1]d + Support Info: NG%08[2]x		Vous utilisez une NAND publique qui a déjà été bannie. + Veuillez retirer votre NAND de Dolphin. + Un ticket peut être fait sur discord.gg/retrorewind si besoin. + + Code Erreur:  %[1]d + Information Support: NG%08[2]x	Du benutzt eine geleakte NAND, die gebannt wurde. + Bitte wechsle zurück auf die Standard Dolphin NAND. + Ticket über discord.gg/retrorewind für Hilfe erstellen. + + Fehlercode: %[1]d + Support-Info: NG%08[2]x	Je gebruikt een publieke NAND die al verbannen is. + Gebruik de standaard Dolphin-NAND. + Maak een ticket op discord.gg/retrorewind voor hulp. + + Foutcode: %[1]d + Ondersteuningsinformatie: NG%08[2]x	Estás usando una NAND filtrada que ya está baneada. + Por favor usa la NAND predeterminada por Dolphin. + Ticket en discord.gg/retrorewind para recibir ayuda. + + Código de Error: %[1]d + Información de soporte: NG%08[2]x	Estás usando una NAND filtrada que ya está baneada. + Por favor usa la NAND predeterminada por Dolphin. + Ticket en discord.gg/retrorewind para recibir ayuda. + + Código de Error: %[1]d + Información de soporte: NG%08[2]x					Kullandığınız NAND (sistem dosyaları) sızdırılmış. + Lütfen NAND'inizi Dolphin varsayılanına geri çevirin. + Yardım için discord.gg/retrorewind'dan destek alabilirsiniz. + + Hata Kodu: %[1]d + Destek Bilgisi: NG%08[2]x	Používáš uniklý NAND, který je už zakázán. +
 Vrať prosím tvůj NAND do výchozího nastavení Dolphin. +
 Vstupenka na discord.gg/retrorewind pro pomoc. +
 +
 Kód Chyby: %[1]d +
 Informace o Podpoře: NG%08[2]x												
WWFCMsgProfileBannedTOS	22002	You are banned from SDK Pack Online + due to a violation of the + Terms of Service. + + Error Code: %[1]d + Support Info: NG%08[2]x	利用きやくに いはんしたため + SDK Pack Onlineから BANされました + + エラーコード： %[1]d + サポート情報： NG%08[2]x	Vous avez été banni(e) de SDK Pack Online + à cause d'une violation des + Conditions de Service. + + Code Erreur:  %[1]d + Information Support: NG%08[2]x	Du wurdest von SDK Pack Online + wegen eines Verstoßes der + Terms of Service gebannt. + + Fehlercode: %[1]d + Support-Info: NG%08[2]x	Je bent verbannen van SDK Pack Online + vanwege een overtreding van de + gebruiksvoorwaarden. + + Foutcode: %[1]d + Ondersteuningsinformatie: NG%08[2]x	Te han baneado de SDK Pack Online + debido a una violación de los + Terminos de Servicio. + + Código de Error: %[1]d + Información de soporte: NG%08[2]x	Estás baneado de SDK Pack Online + debido a una violación de los + Terminos de Servicio. + + Código de Error: %[1]d + Información de soporte: NG%08[2]x		Sei stato bannato dalla SDK Pack Online + a causa di una violazione dei + Termini di Servizio. + + Codice Errore: %[1]d + Supporto Informativo: NG%08[2]x	이용약관 위반으로 + SDK Pack Online 계정이 + 정지됐습니다. + + 에러 코드: %[1]d + 지원 정보: NG%08[2]x	Вам запрещено играть в Retro + WFC из-за нарушения условий + использования сервиса. + + Код ошибки: %[1]d + Информация для поддержки: NG%08[2]x	Hizmet Şartlarını ihlal ettiğinizden + dolayı SDK Pack Online'ye erişiminiz + yasaklanmıştır. + + Hata Kodu: %[1]d + Destek Bilgisi: NG%08[2]x	Máš zákaz SDK Pack Online + z důvodu porušení + Podmínek Služby. + + Kód Chyby: %[1]d + Informace o Podpoře: NG%08[2]x	Foste banido do SDK Pack Online + devido a uma violação dos + Termos e Condições + + Código de Erro: %[1]d + Informação de Suporte: NG%08[2]x			由於違反服務條款 + 你禁止使用 SDK Pack Online + + 錯誤代碼：%[1]d + 支援資訊：NG%08[2]x								
WWFCMsgProfileBannedTOSNow	22002	You are banned from SDK Pack Online + due to a violation of the + Terms of Service. + + Error Code: %[1]d + Support Info: NG%08[2]x	利用きやくに いはんしたため + SDK Pack Onlineから BANされています + + エラーコード： %[1]d + サポート情報： NG%08[2]x	Vous avez été banni(e) de SDK Pack Online + à cause d'une violation des + Conditions de Service. + + Code Erreur:  %[1]d + Information Support: NG%08[2]x	Du wurdest von SDK Pack Online + wegen eines Verstoßes der + Terms of Service gebannt. + + Fehlercode: %[1]d + Support-Info: NG%08[2]x	Je bent verbannen van SDK Pack Online + vanwege een overtreding van de + gebruiksvoorwaarden. + + Foutcode: %[1]d + Ondersteuningsinformatie: NG%08[2]x	Te han baneado de SDK Pack Online + debido a una violación de los + Terminos de Servicio. + + Código de Error: %[1]d + Información de soporte: NG%08[2]x	Estás baneado de SDK Pack Online + debido a una violación de los + Terminos de Servicio. + + Código de Error: %[1]d + Información de soporte: NG%08[2]x		Sei stato bannato dalla + SDK Pack Online a causa di una violazione + dei Termini di Servizio. + + Codice Errore: %[1]d + Supporto Informativo: NG%08[2]x	이용약관 위반으로 + SDK Pack Online 계정이 + 정지됐습니다. + + 에러 코드: %[1]d + 지원 정보: NG%08[2]x	Отныне вам запрещено играть + в SDK Pack Online из-за нарушения + условий использования сервиса. + + Код ошибки: %[1]d + Информация для поддержки: NG%08[2]x	Hizmet Şartlarını ihlal ettiğinizden + dolayı SDK Pack Online'ye erişiminiz + yasaklanmıştır. + + Hata Kodu: %[1]d + Destek Bilgisi: NG%08[2]x	Máš zákaz SDK Pack Online + z důvodu porušení + Podmínek Služby. + + Kód Chyby: %[1]d + Informace o Podpoře: NG%08[2]x	Foste banido do SDK Pack Online + devido a uma violação dos + Termos e Condições + + Código de Erro: %[1]d + Informação de Suporte: NG%08[2]x			由於違反服務條款 + 你禁止使用 SDK Pack Online + + 錯誤代碼：%[1]d + 支援資訊：NG%08[2]x								
WWFCMsgProfileRestricted	22003	You are banned from public + matches due to a violation + of the SDK Pack Online Rules. + + Error Code: %[1]d + Support Info: NG%08[2]x	SDK Pack Onlineの ルールにいはんしたため + オンライン対戦から BANされました + + エラーコード： %[1]d + サポート情報： NG%08[2]x	Vous avez été banni(e) des matchs + public à cause d'un violation d'une + des règles de SDK Pack Online. + + Code Erreur:  %[1]d + Information Support: NG%08[2]x	Du wurdest von öffentl. Räumen + wegen eines Verstoßes der + SDK Pack Online Regeln gebannt. + + Fehlercode: %[1]d + Support-Info: NG%08[2]x	Je bent verbannen van openbare + wedstrijden vanwege een overtreding + van de SDK Pack Online-regels. + + Foutcode: %[1]d + Ondersteuningsinformatie: NG%08[2]x	Te han baneado de partidas públicas + debido a una violación de las + reglas de SDK Pack Online. + + Código de Error: %[1]d + Información de soporte: NG%08[2]x	Estás baneado de partidas públicas + debido a una violación de las + reglas de SDK Pack Online. + + Código de Error: %[1]d + Información de soporte: NG%08[2]x		Sei stato bannato dalle corse + pubbliche a causa di una violazione + delle regole della SDK Pack Online. + + Codice Errore: %[1]d + Supporto Informativo: NG%08[2]x	SDK Pack Online 규정 위반으로 + 공개 경기에서 차단됐습니다. + + 에러 코드: %[1]d + 지원 정보: NG%08[2]x	Вам запрещено участвовать + в публичных играх из-за + нарушения правил SDK Pack Online. + + Код ошибки: %[1]d + Информация для поддержки: NG%08[2]x	SDK Pack Online kurallarını ihlal + ettiğinizden dolayı herkese + açık yarışlara erişiminiz yasaklanmıştır. + + Hata Kodu: %[1]d + Destek Bilgisi: NG%08[2]x	Máš zákaz veřejných + zápasů z důvodu porušení + pravidel SDK Pack Online. + + Kód Chyby: %[1]d + Informace o Podpoře: NG%08[2]x	Foste banido das partidas + públicas devido a uma violação + dos Termos e Condições + + Código de Erro: %[1]d + Informação de Suporte: NG%08[2]x			由於你違反 SDK Pack Online 規則 + 你已被禁止參加公開遊戲 + + 錯誤代碼：%[1]d + 支援資訊：NG%08[2]x								
WWFCMsgProfileRestrictedNow	22003	You have been banned from public + matches due to a violation + of the SDK Pack Online Rules. + + Error Code: %[1]d + Support Info: NG%08[2]x	SDK Pack Onlineの ルールにいはんしたため + オンライン対戦から BANされています + + エラーコード： %[1]d + サポート情報： NG%08[2]x	Vous avez été banni(e) des matchs + publics à cause d'un violation d'une + des règles de SDK Pack Online. + + Code Erreur:  %[1]d + Information Support: NG%08[2]x	Du wurdest von öffentl. Räumen + wegen eines Verstoßes der + SDK Pack Online Regeln gebannt. + + Fehlercode: %[1]d + Support-Info: NG%08[2]x, 	Je bent verbannen van openbare + wedstrijden vanwege een overtreding + van de SDK Pack Online-regels. + + Foutcode: %[1]d + Ondersteuningsinformatie: NG%08[2]x	Te han baneado de partidas públicas + debido a una violación de las + reglas de SDK Pack Online. + + Código de Error: %[1]d + Información de soporte: NG%08[2]x	Estás baneado de partidas públicas + debido a una violación de las + reglas de SDK Pack Online. + + Código de Error: %[1]d + Información de soporte: NG%08[2]x		Sei stato bannato dalle corse + pubbliche a causa di una violazione + delle regole della SDK Pack Online. + + Codice Errore: %[1]d + Supporto Informativo: NG%08[2]x	SDK Pack Online 규정 위반으로 + 공개 경기에서 차단됐습니다. + + 에러 코드: %[1]d + 지원 정보: NG%08[2]x	Отныне вам запрещено участвовать + в публичных играх из-за нарушения + правил SDK Pack Online. + + Код ошибки: %[1]d + Информация для поддержки: NG%08[2]x	SDK Pack Online kurallarını ihlal + ettiğinizden dolayı herkese + açık yarışlara erişiminiz yasaklanmıştır. + + Hata Kodu: %[1]d + Destek Bilgisi: NG%08[2]x	Máš zákaz veřejných + zápasů z důvodu porušení + pravidel SDK Pack Online. + + Kód Chyby: %[1]d + Informace o Podpoře: NG%08[2]x	Foste banido das partidas + públicas devido a uma violação + dos Termos e Condições + + Código de Erro: %[1]d + Informação de Suporte: NG%08[2]x"			由於你違反 SDK Pack Online 規則 + 你已無法參加公開遊戲 + + 錯誤代碼：%[1]d + 支援資訊：NG%08[2]x								
WWFCMsgProfileRestrictedCustom	22003	You are banned from public matches. + Reason: %[3]s + Error Code: %[1]d + Support Info: NG%08[2]x	オンライン対戦から BANされました + りゆう： %[3]s + エラーコード： %[1]d + サポート情報： NG%08[2]x	Vous êtes banni(e) des matchs publics. + Raison: %[3]s + Error Code: %[1]d + Information Support: NG%08[2]x	Du wurdest von öffentlichen Matches ausgeschlossen. + Grund: %[3]s + Fehlercode: %[1]d + Support-Info: NG%08[2]x	Je bent verbannen van openbare wedstrijden. + Reden: %[3]s + Foutcode: %[1]d + Ondersteuningsinformatie: NG%08[2]x	Estás baneado de partidas públicas. + Motivo: %[3]s + Código de Error: %[1]d + Info. de soporte: NG%08[2]x	Estás baneado de partidas públicas. + Motivo: %[3]s + Código de Error: %[1]d + Info. de soporte: NG%08[2]x		Sei bannato dalle corse pubbliche. + Motivo: %[3]s + Codice Errore: %[1]d + Supporto Informativo: NG%08[2]x	공개 경기에서 차단됐습니다. + 사유: %[3]s + 에러 코드: %[1]d + 지원 정보: NG%08[2]x	Вам запрещено участвовать + в публичных играх. + + Причина: %[3]s + Код ошибки: %[1]d + Информация для поддержки: NG%08[2]x	Herkese açık yarışlara + erişiminiz yasaklanmıştır. + Sebep: %[3]s + Hata Kodu: %[1]d + Destek Bilgisi: NG%08[2]x	Máš zákaz veřejných zápasů. + Důvod: %[3]s + Kód Chyby: %[1]d + Informace o Podpoře: NG%08[2]x	Foste banido das partidas públicas. + Razão: %[3]s + Código de Erro: %[1]d + Informação de Suporte: NG%08[2]x			您被禁止參加公開遊戲 + 原因：%[3]s + 錯誤代碼：%[1]d + 支援資訊：NG%08[2]x								
WWFCMsgProfileRestrictedNowCustom	22003	You are banned from public matches. + Reason: %[3]s + Error Code: %[1]d + Support Info: NG%08[2]x	オンライン対戦から BANされました + りゆう： %[3]s + エラーコード： %[1]d + サポート情報： NG%08[2]x	Vous êtes banni(e) des matchs publics. + Raison: %[3]s + Error Code: %[1]d + Information Support: NG%08[2]x	Du wurdest von öffentlichen Matches ausgeschlossen. + Grund: %[3]s + Fehlercode: %[1]d + Support-Info: NG%08[2]x	Je bent verbannen van openbare wedstrijden. + Reden: %[3]s + Foutcode: %[1]d + Ondersteuningsinformatie: NG%08[2]x	Estás baneado de partidas públicas. + Motivo: %[3]s + Código de Error: %[1]d + Info. de soporte: NG%08[2]x	Estás baneado de partidas públicas. + Motivo: %[3]s + Código de Error: %[1]d + Info. de soporte: NG%08[2]x		Sei bannato dalle corse pubbliche. + Motivo: %[3]s + Codice Errore: %[1]d + Supporto Informativo: NG%08[2]x	공개 경기에서 차단됐습니다. + 사유: %[3]s + 에러 코드: %[1]d + 지원 정보: NG%08[2]x	Отныне вам запрещено + участвовать в публичных играх. + + Причина: %[3]s + Код ошибки: %[1]d + Информация для поддержки: NG%08[2]x	Herkese açık yarışlara + erişiminiz yasaklanmıştır. + Sebep: %[3]s + Hata Kodu: %[1]d + Destek Bilgisi: NG%08[2]x	Máš zákaz veřejných zápasů. + Důvod: %[3]s + Kód Chyby: %[1]d + Informace o Podpoře: NG%08[2]x	Foste banido das partidas públicas. + Razão: %[3]s + Código de Erro: %[1]d + Informação de Suporte: NG%08[2]x			您被禁止參加公開遊戲 + 原因：%[3]s + 錯誤代碼：%[1]d + 支援資訊：NG%08[2]x								
WWFCMsgKickedGeneric	22004	You have been kicked from + SDK Pack Online. + + Error Code: %[1]d	SDK Pack Onlineから キックされました + + エラーコード： %[1]d	Vous avez été expulsé de + SDK Pack Online. + + Code Erreur: %[1]d	Du wurdest aus SDK Pack Online + gekickt. + + Fehlercode: %[1]d	Je bent uit SDK Pack Online + geschopt. + + Foutcode: %[1]d	Te han expulsado de SDK Pack Online. + + Código de Error: %[1]d	Te han expulsado de SDK Pack Online. + + Código de Error: %[1]d		Sei stato espulso + dalla SDK Pack Online. + + Codice Errore: %[1]d	SDK Pack Online에서 추방됐습니다. + + 에러 코드: %[1]d	Вас выгнали из SDK Pack Online. + + Код ошибки: %[1]d	SDK Pack Online'den atıldınız. + + Hata Kodu: %[1]d	Byl jsi vyhozen z + SDK Pack Online. + + Kód Chyby: %[1]d	Foste expulso do + SDK Pack Online. + + Código de Erro: %[1]d			您已被踢出 SDK Pack Online + + 錯誤代碼：%[1]d								
WWFCMsgKickedModerator	22004	You have been kicked from + SDK Pack Online by a moderator. + + Error Code: %[1]d	SDK Pack Onlineの モデレーターから + キックされました + + エラーコード： %[1]d	Vous avez été expulsé de + SDK Pack Online par un modérateur. + + Code Erreur: %[1]d	Du wurdest von einem Moderator + aus SDK Pack Online gekickt. + + Fehlercode: %[1]d	Je bent uit SDK Pack Online + geschopt door een moderator. + + Foutcode: %[1]d	Un moderador te ha + expulsado de SDK Pack Online. + + Código de Error: %[1]d	Un moderador te ha + expulsado de SDK Pack Online. + + Código de Error: %[1]d		Sei stato espulso dalla + SDK Pack Online da un moderatore. + + Codice Errore: %[1]d	관리자에 의해 SDK Pack Online에서 + 추방됐습니다. + + 에러 코드: %[1]d	Модератор выгнал вас + из SDK Pack Online. + + Код ошибки: %[1]d	Bir moderatör tarafından + SDK Pack Online'den atıldınız. + + Hata Kodu: %[1]d	Byl jsi vyhozen z + SDK Pack Online moderátorem. + + Kód Chyby: %[1]d	Foste expulso do SDK Pack Online + por um moderador. + + Código de Erro: %[1]d			您已被房主踢出 SDK Pack Online + + 錯誤代碼：%[1]d								
WWFCMsgKickedRoomHost	22004	You have been kicked from the + friend room by the room creator. + + Error Code: %[1]d	フレンドルームの ホストから + キックされました + + エラーコード： %[1]d	Vous avez été expulsé de la salle + par le créateur. + + Code Erreur: %[1]d	Du wurdest von dem Raum-Ersteller + aus der Freundes-Lobby gekickt. + + Fehlercode: %[1]d	Je bent uit de vriendenkamer + geschopt door de gastheer. + + Foutcode: %[1]d	El creador de la sala te ha +  expulsado de ella. + + Código de Error: %[1]d	El creador de la sala te ha +  expulsado de ella. + + Código de Error: %[1]d		Sei stato espulso dalla + stanza dal suo creatore. + + Codice Errore: %[1]d	방장에 의해 추방됐습니다. + + 에러 코드: %[1]d	Создатель группы выгнал вас. + + Код ошибки: %[1]d	Oda kurucusu tarafından + odadan atıldınız. + + Hata Kodu: %[1]d	Hostitel tě vyhodil + z místnosti. + + Kód Chyby: %[1]d	Foste expulso da sala + pelo criador da sala. + + Código de Erro: %[1]d			您已被房主踢出好友房間 + + 錯誤代碼：%[1]d								
WWFCMsgKickedCustom	22004	You have been kicked from + SDK Pack Online. + Reason: %[3]s + Error Code: %[1]d	SDK Pack Onlineから キックされました + りゆう： %[3]s + エラーコード： %[1]d	Vous avez été expulsé de + SDK Pack Online. + Raison: %[3]s + Error Code: %[1]d	Du wurdest aus SDK Pack Online + gekickt. + Grund: %[3]s + Fehlercode: %[1]d, 	Je bent uit SDK Pack Online + geschopt. + Reden: %[3]s + Foutcode: %[1]d	Te han expulsado de SDK Pack Online. + Motivo: %[3]s + + Código de Error: %[1]d	Te han expulsado de SDK Pack Online. + Motivo: %[3]s + + Código de Error: %[1]d		Sei stato espulso + dalla SDK Pack Online. + Motivo: %[3]s + Codice Errore: %[1]d	SDK Pack Online에서 추방됐습니다. + +사유: %[3]s + 에러 코드: %[1]d	Вас выгнали из SDK Pack Online. + + Причина: %[3]s + Код ошибки: %[1]d	SDK Pack Online'den atıldınız. + + Sebep: %[3]s + Hata Kodu: %[1]d	Máš zákaz veřejných zápasů. + Důvod: %[3]s + Kód Chyby: %[1]d + Informace o Podpoře: NG%08[2]x	Foste expulso do + SDK Pack Online. + Razão: %[3]s + Código de Erro: %[1]d			您已被踢出 SDK Pack Online + + 原因：%[3]s + 錯誤代碼：%[1]d								
WWFCMsgConsoleMismatch	22005	The console you are using is not + the device used to register this + profile. + + Error Code: %[1]d	使われているコンソールは  + このプロファイルが 登録されたときに + 使われたコンソールでは ありません + + エラーコード： %[1]d	La console que vous utilisé + n'est pas l'appareil utilisé pour + enregistrer ce profil. + + Code Erreur: %[1]d	Die Konsole, die du gerade nutzt, + ist nicht dieselbe, mit der dieses + Profil erstellt wurde. + + Fehlercode: %[1]d	De console die je gebruikt is niet + het apparaat dat is gebruikt om dit + profiel te registreren. + + Foutcode: %[1]d	La consola que estas usando no es el + dispositivo usado para registrar este + perfil. + + Código de Error: %[1]d	La consola que estas usando no es el + dispositivo usado para registrar este + perfil. + + Código de Error: %[1]d		La console che stai usando non è + il dispositivo usato per + registrare questo profilo. + + Codice Errore: %[1]d	사용중인 콘솔이 프로필에 + 등록된 기기 정보와 다릅니다. + + 에러 코드: %[1]d	Ваш профиль был зарегистрирован + на другой консоли. + + Код ошибки: %[1]d	Kullandığınız konsol, kaydolduğunuz + profille aynı değil. + + Hata Kodu: %[1]d	Konzole, kterou používáš, není + zařízením používaným k registraci + tohoto profilu. + + Kód Chyby: %[1]d	A consola que estás a usar não é + o dispositivo que foi usado para registar este + perfil. + + Código de Erro: %[1]d			你正在使用的主機 + 並非用於註冊此用戶的裝置 + + 錯誤代碼：%[1]d								
WWFCMsgConsoleMismatchDolphin	22005	The console you are using is not + the device used to register this + profile. Please make sure you've + set up your NAND correctly. + + Error Code: %[1]d	使われているコンソールは  + このプロファイルが 登録されたときに + 使われたコンソールでは ありません + NANDがただしく 設定されていることを + ご確認ください + エラーコード： %[1]d	La consonle que vous utilisé + n'est pas l'appareil utilisé pour + enregistrer ce profil. Assurez-vous d'avoir + configuré votre NAND correctement. + + Code Erreur: %[1]d	Die Konsole, die du gerade nutzt, + ist nicht dieselbe, mit der dieses + Profil erstellt wurde. Bitte gehe sicher + dass du das NAND korrekt initialisiert hast. + + Fehlercode: %[1]d	De console die je gebruikt is niet + het apparaat dat is gebruikt om dit + profiel te registreren. Zorg ervoor dat de + NAND juist is ingesteld. + + Foutcode: %[1]d	La consola que estas usando no es el + dispositivo usado para registrar este + perfil. Asegurate que has configurado + correctamente tu NAND. + + Código de Error: %[1]d	La consola que estas usando no es el + dispositivo usado para registrar este + perfil. Asegurate que has configurado + correctamente tu NAND. + + Código de Error: %[1]d		La console che stai usando non è + il dispositivo usato per registrare + questo profilo. Assicurati di avere + impostato la tua NAND correttamente. + + Codice Errore: %[1]d	사용중인 콘솔이 프로필에 + 등록된 기기가 아닙니다. + NAND가 제대로 설치 됐는지 + 확인해 주십시오. + + 에러 코드: %[1]d	Ваш профиль был зарегистрирован + на другой консоли. Проверьте, что + память NAND настроена правильно. + + Код ошибки: %[1]d	Kullandığınız konsol, kaydolduğunuz + profille aynı değil. + NAND'inizi doğru ayarladığınıza emin olun. + + Hata Kodu: %[1]d	Konzole, kterou používáš, není + zařízením používaným k registraci + tohoto profilu. Ujisti se prosím, že + jsi správně nastavil NAND. + + Kód Chyby: %[1]d	A consola que estás a usar não é + o dispositivo que foi usado para registar este + perfil. Por favor verifica que configuraste + corretamente o teu NAND. + + Código de Erro: %[1]d 			你正在使用的主機 + 並非用於註冊此用戶的裝置 + 請確認已安裝正確的 NAND + + 錯誤代碼：%[1]d								
WWFCMsgProfileIDInvalid	22006	The profile ID you are trying to + register is invalid. + Please create a new license. + + Error Code: %[1]d	あなたが登録しようとした  + プロファイルIDは むこうです + 新しくライセンスをつくりなおしてください + + エラーコード： %[1]d	L'ID du profil que vous essayez + d'enregistrer est invalide. + Veuillez créer une nouveau permis. + + Code Erreur: %[1]d	Die Profil-ID, die du versuchst zu + registrieren, ist ungültig. + Bitte erstelle ein neues Profil. + + Fehlercode: %[1]d	Het profiel-ID dat je probeert te + registreren is ongeldig. + Maak een nieuw profiel aan. + + Foutcode: %[1]d	El perfil que está tratando de + registrar es invalido. +         Cree una nueva licencia. + + Código de Error: %[1]d	El perfil que está tratando de + registrar es invalido. +         Cree una nueva licencia. + + Código de Error: %[1]d		L'ID del profilo che stai cercando + di registrare non è valido. + Crea una nuova patente e riprova. + + Codice Errore: %[1]d	사용하시려는 프로필 ID는 + 등록하실 수 없습니다. + 새로운 라이센스를 만드십시오. + + 에러 코드: %[1]d	ID профиля, который вы пытаетесь + зарегистрировать, — некорректный. + Создайте новое удостоверение. + + Код ошибки: %[1]d	Kaydolmak istediğiniz profil ID'si + geçerli bir ID değil. + Lütfen yeni bir lisans oluşturun. + + Hata Kodu: %[1]d	Profil, který se pokoušíš + zaregistrovat, je neplatný. + Vytvoř si prosím nový účet. + + Kód Chyby: %[1]d	O perfil que estás a tentar + registar é inválido. + Por favor cria uma nova licensa. + + Código de Erro: %[1]d			你註冊的資料 ID 無效 + 請建立新的授權 + + 錯誤代碼：%[1]d								
WWFCMsgProfileIDInUse	22007	The friend code you are trying to + register is already in use. + + Error Code: %[1]d	あなたが登録しようとした  + フレンドコードは すでに登録されています + + エラーコード： %[1]d	Le code ami que vous essayez + d'enregistrer est déjà utilisé. + + Code Erreur: %[1]d	Der Freundescode, den du gerade + registrierst, wird bereits verwendet. + + Fehlercode: %[1]d	De vriendcode die je probeert te + registreren is al in gebruik. + + Foutcode: %[1]d	La clave de amigo que está tratando + de registrar, ya está en uso. + + Código de Error: %[1]d	La clave de amigo que está tratando + de registrar, ya está en uso. + + Código de Error: %[1]d		Il codice amico che stai cercando + di registrare è già in uso. + + Codice Errore: %[1]d	해당 친구 코드는 이미 사용중입니다. + + 에러 코드: %[1]d	Код друга, который вы пытаетесь + зарегистрировать, уже занят. + + Код ошибки: %[1]d	Kaydolmak istediğiniz arkadaş kodu + zaten kullanımda. + + Hata Kodu: %[1]d	Kód kamaráda, který se pokoušíš + zaregistrovat, se už používá. + + Kód Chyby: %[1]d	O código de amigo que estás a tentar + registar já está em uso. + + Código de Erro: %[1]d			此好友代碼已被使用 + + 錯誤代碼：%[1]d								
WWFCMsgPayloadInvalid	22008	The SDK Pack Online payload is invalid. + Try restarting your game. + + Error Code: %[1]d	SDK Pack Onlineの ペイロードがむこうです  + ゲームを 再起動してください + + エラーコード： %[1]d	Le payload SDK Pack Online est invalide. + Veuillez redémarrer votre jeu. + + Code Erreur: %[1]d	Die SDK Pack Online Payload ist ungültig. + Versuche das Spiel neu zu starten. + + Fehlercode: %[1]d	De SDK Pack Online-payload is ongeldig. + Probeer het spel opnieuw op te starten. + + Foutcode: %[1]d	SDK Pack Online no cargó correctamente + Intente reiniciar su juego. + + Código de Error: %[1]d	SDK Pack Online no cargó correctamente + Intente reiniciar su juego. + + Código de Error: %[1]d		Il payload della SDK Pack Online non è valido. + Prova a riavviare il gioco. + + Codice Errore: %[1]d	SDK Pack Online 페이로드가 잘못됐습니다. + 게임을 재시작 하십시오. + + 에러 코드: %[1]d	Запущен некорректный пейлоад + SDK Pack Online. Перезапустите игру. + + Код ошибки: %[1]d	SDK Pack Online payloud'u geçerli değil. + Oyunu yeniden başlatmayı deneyin. + + Hata Kodu: %[1]d	Datový obsah SDK Pack Online je neplatné. + Zkus restartovat hru. + + Kód Chyby: %[1]d	O SDK Pack Online não carregou corretamente. + Tenta reiniciar o jogo. + + Código de Erro: %[1]d			SDK Pack Online 負載失效 + 請嘗試重新啟動遊戲 + + 錯誤代碼：%[1]d								
WWFCMsgInvalidELO	22009	You were disconnected from + SDK Pack Online due to an invalid + VR or BR value. + + Error Code: %[1]d	VRまたはBRの値が むこうなため  + SDK Pack Onlineから 切断されました + + エラーコード： %[1]d	Vous avez été déconnecté de + SDK Pack Online à cause d'une valeur invalide + de Points Course ou Points Bataille. + + Code Erreur: %[1]d	Deine Verbindung zu SDK Pack Online + durch einen ungültigen VR oder BR + Wert beendet. + + Fehlercode: %[1]d	Je verbinding met SDK Pack Online is verbroken + vanwege een ongeldige rp- of gp-waarde. + + Foutcode: %[1]d	Fuiste desconectado debido a discrepancias + con tu valor de PC o PB. + + Código de Error: %[1]d	Fuiste desconectado debido a discrepancias + con tu valor de PC o PB. + + Código de Error: %[1]d		Sei stato disconnesso dalla SDK Pack Online + a causa di un valore non valido + di punti corsa o punti battaglia. + + Codice Errore: %[1]d	잘못된 VR 또는 BR 값으로 인해 + SDK Pack Online 연결이 끊어졌습니다. + + 에러 코드: %[1]d	Вас отключили от SDK Pack Online + из-за некорректного значения + ГР или БР. + + Код ошибки: %[1]d	Hatalı bir KP veya SP + değerinden dolayı SDK Pack Online'ye + bağlantınız kesildi. + + Hata Kodu: %[1]d	Byl jsi odpojen od SDK Pack Online + z důvodu neplatné hodnoty + ZH nebo BH. + + Kód Chyby: %[1]d	Foste desconectado do SDK Pack Online + devido a um valor + CR ou CB inválido. + + Código de Erro: %[1]d			你與 SDK Pack Online 中斷連線 + VR 或 BR 不會計算 + + 錯誤代碼：%[1]d								
WWFCMsgInvalidHash	22010	Invalid pack version! + Please update or reinstall your pack + to log in. + + Error Code: %[1]d	むこうなパックのバージョンです！ + ログインするために パックをアップデート + または インストールし直してください + + Error Code: %[1]d	Version du pack invalide! + Veuillez mettre à jour ou réinstaller + le pack pour se connecter. + Code Erreur: %[1]d	Ungültige Pack-Version! + Bitte update oder installiere + das Pack neu, um dich einzuloggen. + + Error Code: %[1]d	Invalide versie van de mod! + Update of installeer de mod opnieuw + om in te loggen. + + Foutcode: %[1]d	Versión del mod invalido. + Actualize o reinstale el pack para + poder ingresar. + + Código de Error: %[1]d	Versión del mod invalido. + Actualize o reinstale el pack para + poder ingresar. + + Código de Error: %[1]d		Versione della distribuzione errata! + Aggiorna o reinstalla la distribuzione + per connettesi. + + Codice Errore: %[1]d	팩 버전이 잘못됐습니다! + 로그인을 하려면 팩을 업데이트 + 또는 재설치 하십시오. + + 에러 코드: %[1]d	Ваша версия RR устарела! + Чтобы войти, обновите + или переустановите RR. + + Код ошибки: %[1]d	Geçersiz mod sürümü! + Oynayabilmek için lütfen mod'u + güncelleyin veya yeniden yükleyin. + + Hata Kodu: %[1]d	Neplatná verze balíčku! + Chceš-li se přihlásit, aktualizuj + nebo znovu nainstaluj balíček. + + Kód Chyby: %[1]d	O. + T. + A. + + Código de Erro: %[1]d			套件版本不可用！ + 請更新或重新安裝套件 + + 錯誤代碼：%[1]d								
s_openHostPromptMessages	nil	Enable Open Host? +  +  This feature allows players who +  add your friend code to meet up with you, +  even if you don't add them back.	オープンホストをゆうこうにしますか？ +  +  お互いにフレンド追加をしなくても +  あなたのことをフレンドに追加したプレイヤーなら +  あなたのルームに参加できる機能です	Activer Open Host? +  +  Cette fonctionnalité permet aux joueurs qui +  ajoutent votre code ami de vous rejoindre, +  même si vous ne les avez pas ajoutés.	Open Host aktivieren? +  +  Diese Funktion erlaubt es Spielern, +  die deinen Freundescode hinzugefügt haben, +  sich mit dir zu treffen, auch wenn du sie +  nicht zurück hinzugefügt hast.	Schakel Openhost in? +  +  Dit staat spelers toe om met +  jou mee te doen door jouw vriendcode, +  toe te voegen, zelfs als jij dit niet bij hen doet.	Activar Open Host? +  +  Esto permitira a otros jugadores a +  a añadirte en su lista de amigos incluso, +  si usted no le añade de vuelta.	Activar Open Host? +  +  Esto permitira a otros jugadores a +  a añadirte en su lista de amigos incluso, +  si usted no le añade de vuelta.		Attivare Open Host? +  +  Questa opzione permette ai giocatori +  che aggiungono il tuo codice amico di +  giocare assieme senza che tu aggiunga loro.	[개방형 호스트]를 키겠습니까? +  +  이 기능은 당신의 친구 코드를 등록한 +  사람은 당신이 친구 등록을 하지 않아도 +  당신의 방에 들어갈 수 있습니다.	Сделать вход свободным? +  +  Таким образом игроки, добавившие ваш +  код друга, смогут заходить к вам, +  даже если вы не добавили их в ответ.	Open Host açılsın mı? +  +  Bu özellik, sizin arkadaş kodunuzu +  ekleyen herhangi bir kişinin siz onu +  eklemeseniz bile onun size +  katılabilmesini sağlar.	Zapnout Open Host? +  +  Tato funkce umožňuje hráčům, kteří +  přidají tvůj kód kamaráda, aby se s +  tebou setkali, i když je nepřidáš zpět.				要啟用 Open Host 嗎？+ + 此功能可以在你未添加好友的情況下 + 使用你的好友代碼一起玩								
s_connectionLostMessages	nil	You have lost connection to +  the server. +  +  Please try again later.	サーバーからの接続が切断されました +  +  +  もう一度やり直してください	Vous avez perdu la connexion +  au serveur. +  +  Veuillez réessayer ultérieurement.	Du hast die Verbindung +  zum Server verloren. +  +  Bitte versuche es später erneut.	De verbinding met de server +  is verbroken. +  +  Probeer het later opnieuw.	Ha perdido la conexión con +  el servidor. +  +  Intente de nuevo más adelante.	Ha perdido la conexión con +  el servidor. +  +  Intente de nuevo más adelante.		La connessione al server +  è stata interrotta. +  +  Prova nuovamente più tardi.	서버와 연결이 끊어졌습니다. +  +  잠시 후 다시 시도해 주세요.	Соединение с сервером +  потеряно. +  +  Повторите попытку.	Sunucuyla bağlantınız +  kesildi +  +  Lütfen daha sonra tekrar deneyin.	Ztratil jsi spojení +  se serverem. +  +  Zkus to znovu později.				你已與伺服器失去連線\ + 請稍後再試.								
s_openHostEnabledMessages	nil	Open Host is now enabled!	オープンホストをゆうこうにしました！	Open Host est maintenant activé!	Open Host ist nun aktiviert!	Openhost is nu ingeschakeld!	Open Host está ahora activado!	Open Host está ahora activado!		Open Host è attivato!	[개방형 호스트]가 활성화되었습니다!	Свободный вход включен!	Open Host artık açık!	Open Host je teď zapnuto!				Open Host 已啟用！								
s_openHostDisabledMessages	nil	Open Host is now disabled!	オープンホストをむこうにしました！	Open Host est maintenant désactivé!	Open Host ist nun deaktiviert!	Openhost is nu uitgeschakeld!	Open Host está ahora desactivado!	Open Host está ahora desactivado!		Open Host è disattivato!	[개방형 호스트]가 비활성화되었습니다!	Свободный вход отключен!	Open Host artık kapalı!	Open Host je teď vypnuto!				Open Host 已停用！								